vm_id,vm_size,cpu_usage_percent,memory_usage_gb,runtime_hours,power_consumption_kw,region,Date,Business Segment
1,Standard_F8s_v2,27.88,2.05,19.63,0.13,East US,2024-01-01,Investment Banking
2,Standard_B1s,10.5,33.26,20.94,0.28,East US,2024-01-02,Wealth Management
3,Standard_F8s_v2,83.39,15.27,22.0,1.4,Southeast Asia,2024-01-03,Investment Banking
4,Standard_F8s_v2,73.62,41.65,12.76,0.24,East US,2024-01-04,Asset Management
5,Standard_B1s,75.61,11.99,12.53,0.71,West Europe,2024-01-05,Wealth Management
6,Standard_B1s,79.41,44.53,19.36,1.71,East US,2024-01-06,Asset Management
7,Standard_F8s_v2,16.66,25.36,15.95,0.14,Southeast Asia,2024-01-07,Wealth Management
8,Standard_D2s_v3,42.26,60.01,17.15,1.65,East US,2024-01-08,Investment Banking
9,Standard_F8s_v2,20.43,9.66,19.3,0.64,Southeast Asia,2024-01-09,Investment Banking
10,Standard_F8s_v2,87.68,22.49,21.47,0.32,Southeast Asia,2024-01-10,Investment Banking
11,Standard_F8s_v2,66.1,8.15,8.77,1.42,East US,2024-01-11,Investment Banking
12,Standard_F8s_v2,39.78,59.26,9.64,1.29,West Europe,2024-01-12,Asset Management
13,Standard_B1s,15.72,56.27,3.16,1.77,Southeast Asia,2024-01-13,Wealth Management
14,Standard_F8s_v2,37.99,17.25,14.3,1.5,East US,2024-01-14,Wealth Management
15,Standard_D2s_v3,39.27,42.58,1.83,1.63,East US,2024-01-15,Wealth Management
16,Standard_B1s,75.66,52.48,11.71,0.64,West Europe,2024-01-16,Investment Banking
17,Standard_D2s_v3,67.38,35.98,13.48,0.44,Southeast Asia,2024-01-17,Personal Banking
18,Standard_D2s_v3,89.85,34.37,7.59,1.53,Southeast Asia,2024-01-18,Personal Banking
19,Standard_D2s_v3,52.5,16.24,14.59,1.63,East US,2024-01-19,Wealth Management
20,Standard_D2s_v3,20.76,6.87,1.7,1.98,East US,2024-01-20,Wealth Management
21,Standard_B1s,74.19,57.52,1.86,0.88,West Europe,2024-01-21,Wealth Management
22,Standard_B1s,78.47,57.73,19.92,0.81,West Europe,2024-01-22,Asset Management
23,Standard_D2s_v3,60.51,40.89,9.28,1.58,Southeast Asia,2024-01-23,Asset Management
24,Standard_D2s_v3,79.39,22.36,3.92,0.75,Southeast Asia,2024-01-24,Investment Banking
25,Standard_B1s,54.44,23.0,13.01,1.87,East US,2024-01-25,Investment Banking
26,Standard_B1s,57.05,46.74,18.71,1.73,Southeast Asia,2024-01-26,Wealth Management
27,Standard_B1s,48.48,57.52,5.96,0.92,West Europe,2024-01-27,Investment Banking
28,Standard_F8s_v2,12.29,56.89,15.33,1.53,West Europe,2024-01-28,Wealth Management
29,Standard_F8s_v2,19.71,50.13,2.96,1.53,East US,2024-01-29,Asset Management
30,Standard_F8s_v2,12.83,41.45,2.19,0.3,West Europe,2024-01-30,Investment Banking
31,Standard_D2s_v3,67.28,6.3,13.22,1.81,West Europe,2024-01-31,Investment Banking
32,Standard_F8s_v2,38.29,11.18,13.43,1.06,West Europe,2024-02-01,Asset Management
33,Standard_D2s_v3,55.77,57.61,15.66,1.67,West Europe,2024-02-02,Asset Management
34,Standard_D2s_v3,91.68,39.21,17.7,0.71,East US,2024-02-03,Investment Banking
35,Standard_F8s_v2,32.44,1.58,23.44,1.8,East US,2024-02-04,Wealth Management
36,Standard_D2s_v3,46.93,7.39,12.87,0.84,Southeast Asia,2024-02-05,Wealth Management
37,Standard_F8s_v2,78.0,42.8,8.43,0.12,West Europe,2024-02-06,Personal Banking
38,Standard_F8s_v2,30.59,1.32,19.29,1.82,Southeast Asia,2024-02-07,Personal Banking
39,Standard_B1s,16.93,11.13,7.23,0.27,East US,2024-02-08,Personal Banking
40,Standard_F8s_v2,36.08,35.57,11.1,0.71,East US,2024-02-09,Personal Banking
41,Standard_B1s,24.51,44.59,2.8,1.91,East US,2024-02-10,Investment Banking
42,Standard_F8s_v2,93.67,42.07,1.58,1.91,East US,2024-02-11,Investment Banking
43,Standard_F8s_v2,82.73,15.13,23.14,1.19,East US,2024-02-12,Asset Management
44,Standard_B1s,67.01,45.87,20.23,1.3,East US,2024-02-13,Wealth Management
45,Standard_B1s,88.43,15.95,17.01,0.95,East US,2024-02-14,Investment Banking
46,Standard_F8s_v2,82.33,21.5,10.41,0.66,West Europe,2024-02-15,Investment Banking
47,Standard_D2s_v3,26.79,48.03,4.99,0.72,Southeast Asia,2024-02-16,Personal Banking
48,Standard_B1s,90.33,41.93,4.6,1.38,East US,2024-02-17,Asset Management
49,Standard_D2s_v3,58.54,54.5,6.76,1.53,West Europe,2024-02-18,Investment Banking
50,Standard_D2s_v3,82.67,42.43,13.63,1.6,West Europe,2024-02-19,Wealth Management
51,Standard_D2s_v3,90.65,36.8,17.44,1.6,Southeast Asia,2024-02-20,Asset Management
52,Standard_B1s,38.62,6.9,16.18,0.27,East US,2024-02-21,Wealth Management
53,Standard_D2s_v3,19.9,24.17,7.44,1.04,Southeast Asia,2024-02-22,Wealth Management
54,Standard_B1s,30.51,17.71,22.96,0.21,East US,2024-02-23,Wealth Management
55,Standard_D2s_v3,48.44,16.37,17.97,1.14,West Europe,2024-02-24,Asset Management
56,Standard_F8s_v2,83.62,62.3,13.75,0.94,West Europe,2024-02-25,Personal Banking
57,Standard_F8s_v2,87.47,25.77,15.07,1.79,West Europe,2024-02-26,Investment Banking
58,Standard_B1s,10.63,57.2,10.65,0.77,West Europe,2024-02-27,Investment Banking
59,Standard_F8s_v2,55.97,40.76,6.7,0.32,Southeast Asia,2024-02-28,Personal Banking
60,Standard_F8s_v2,47.57,51.07,9.19,0.37,East US,2024-02-29,Wealth Management
61,Standard_D2s_v3,29.99,32.67,18.43,1.55,East US,2024-03-01,Investment Banking
62,Standard_B1s,20.79,37.34,1.33,1.27,Southeast Asia,2024-03-02,Wealth Management
63,Standard_D2s_v3,40.39,32.03,3.67,0.29,East US,2024-03-03,Asset Management
64,Standard_D2s_v3,94.86,13.3,2.06,0.26,West Europe,2024-03-04,Wealth Management
65,Standard_D2s_v3,39.09,46.51,1.94,1.43,East US,2024-03-05,Personal Banking
66,Standard_D2s_v3,56.69,18.69,20.68,0.24,West Europe,2024-03-06,Investment Banking
67,Standard_D2s_v3,73.27,2.53,17.18,1.66,Southeast Asia,2024-03-07,Asset Management
68,Standard_D2s_v3,42.73,41.66,11.91,1.44,East US,2024-03-08,Personal Banking
69,Standard_D2s_v3,97.46,12.16,3.25,0.25,Southeast Asia,2024-03-09,Wealth Management
70,Standard_B1s,96.62,60.25,12.31,0.26,East US,2024-03-10,Investment Banking
71,Standard_F8s_v2,32.66,61.1,11.89,1.97,West Europe,2024-03-11,Wealth Management
72,Standard_D2s_v3,54.75,58.64,4.98,0.81,Southeast Asia,2024-03-12,Investment Banking
73,Standard_D2s_v3,37.08,24.32,10.98,0.8,East US,2024-03-13,Investment Banking
74,Standard_D2s_v3,35.64,1.97,10.17,1.64,West Europe,2024-03-14,Investment Banking
75,Standard_D2s_v3,13.32,59.48,15.16,1.9,Southeast Asia,2024-03-15,Wealth Management
76,Standard_D2s_v3,64.86,27.98,15.61,1.97,Southeast Asia,2024-03-16,Wealth Management
77,Standard_D2s_v3,55.24,61.9,2.04,1.53,East US,2024-03-17,Wealth Management
78,Standard_F8s_v2,14.63,61.71,9.62,0.81,East US,2024-03-18,Wealth Management
79,Standard_F8s_v2,35.08,54.74,15.39,0.26,East US,2024-03-19,Investment Banking
80,Standard_D2s_v3,91.74,19.55,12.57,1.58,West Europe,2024-03-20,Investment Banking
81,Standard_F8s_v2,31.56,25.26,20.7,1.16,East US,2024-03-21,Investment Banking
82,Standard_B1s,23.04,54.62,16.15,0.91,Southeast Asia,2024-03-22,Wealth Management
83,Standard_D2s_v3,54.05,20.97,4.75,1.82,Southeast Asia,2024-03-23,Asset Management
84,Standard_B1s,98.71,11.68,2.62,0.31,East US,2024-03-24,Investment Banking
85,Standard_B1s,31.78,36.08,15.78,1.04,East US,2024-03-25,Wealth Management
86,Standard_D2s_v3,70.49,59.98,1.61,0.12,Southeast Asia,2024-03-26,Investment Banking
87,Standard_F8s_v2,78.55,44.85,14.47,0.99,West Europe,2024-03-27,Asset Management
88,Standard_B1s,31.39,36.91,22.63,0.21,East US,2024-03-28,Investment Banking
89,Standard_D2s_v3,75.54,7.12,14.24,0.33,East US,2024-03-29,Investment Banking
90,Standard_B1s,43.1,39.75,9.93,0.32,Southeast Asia,2024-03-30,Investment Banking
91,Standard_B1s,66.91,63.37,15.8,1.33,East US,2024-03-31,Investment Banking
92,Standard_B1s,67.02,9.83,11.54,1.52,West Europe,2024-04-01,Personal Banking
93,Standard_B1s,58.22,33.65,13.55,1.21,Southeast Asia,2024-04-02,Wealth Management
94,Standard_F8s_v2,18.13,56.27,22.65,1.93,East US,2024-04-03,Personal Banking
95,Standard_B1s,85.18,47.67,9.88,0.81,Southeast Asia,2024-04-04,Personal Banking
96,Standard_B1s,38.87,44.91,23.11,0.64,East US,2024-04-05,Personal Banking
97,Standard_B1s,26.79,45.26,21.82,1.75,East US,2024-04-06,Investment Banking
98,Standard_F8s_v2,13.67,23.65,5.5,0.52,East US,2024-04-07,Asset Management
99,Standard_B1s,63.18,19.5,2.6,1.93,West Europe,2024-04-08,Investment Banking
100,Standard_B1s,70.98,51.99,3.32,0.12,West Europe,2024-04-09,Investment Banking
